{
  "reward_counts": {
    "10": 135.9,
    "20": 251.8,
    "70": 612.3
  },
  "reward_frequencies": {
    "10": 0.1359,
    "20": 0.25179999999999997,
    "70": 0.6123000000000001
  },
  "branch_counts": {
    "2": 612.3,
    "1": 251.8,
    "0": 135.9
  },
  "branch_frequencies": {
    "2": 0.6123000000000001,
    "1": 0.25179999999999997,
    "0": 0.1359
  },
  "average_trajectory_length": 8.0,
  "target_dist_error": 0.18219999999999992
}