{
  "reward_counts": {
    "10": 132.1,
    "20": 218.6,
    "70": 649.3
  },
  "reward_frequencies": {
    "10": 0.1321,
    "20": 0.21860000000000004,
    "70": 0.6493
  },
  "branch_counts": {
    "2": 649.3,
    "1": 218.6,
    "0": 132.1
  },
  "branch_frequencies": {
    "2": 0.6493,
    "1": 0.21860000000000004,
    "0": 0.1321
  },
  "average_trajectory_length": 12.0,
  "target_dist_error": 0.11379999999999997
}