{
  "reward_counts": {
    "10": 123.6,
    "20": 273.2,
    "70": 603.2
  },
  "reward_frequencies": {
    "10": 0.12360000000000002,
    "20": 0.2732,
    "70": 0.6032
  },
  "branch_counts": {
    "2": 603.2,
    "1": 273.2,
    "0": 123.6
  },
  "branch_frequencies": {
    "2": 0.6032,
    "1": 0.2732,
    "0": 0.12360000000000002
  },
  "average_trajectory_length": 6.0,
  "target_dist_error": 0.20559999999999992
}