{
  "reward_counts": {
    "10": 126.6,
    "20": 205.5,
    "70": 667.9
  },
  "reward_frequencies": {
    "10": 0.1266,
    "20": 0.20549999999999996,
    "70": 0.6679
  },
  "branch_counts": {
    "2": 667.9,
    "1": 205.5,
    "0": 126.6
  },
  "branch_frequencies": {
    "2": 0.6679,
    "1": 0.20549999999999996,
    "0": 0.1266
  },
  "average_trajectory_length": 10.0,
  "target_dist_error": 0.16059999999999997
}